Name	Chr	Start	End	Sequence	Motif_Score	JasparID	Specie	Class
MYB98	Chr1	-7730116	-7730131	TATGCGTTACGAAAG	0.684256087534	MA1392.1	Arabidopsis thaliana	Helix-Turn-Helix
MYB118	Chr1	-7730112	-7730129	TAAATATGCGTTACGAA	0.7343600569959999	MA1170.1	Arabidopsis thaliana	Helix-Turn-Helix
MYB119	Chr1	-7730116	-7730127	TATGCGTTACG	0.725911596941	MA1176.1	Arabidopsis thaliana	Helix-Turn-Helix
AGL6	Chr1	-7730079	-7730098	TTACTTAAAATGGTAAATT	0.711056434701	MA1205.1	Arabidopsis thaliana	MADS box factors
FLC	Chr1	-7730077	-7730098	TCTTACTTAAAATGGTAAATT	0.54041135054	MA0558.1	Arabidopsis thaliana	MADS box factors
SVP	Chr1	-7730078	-7730098	CTTACTTAAAATGGTAAATT	0.526844868264	MA0555.1	Arabidopsis thaliana	MADS box factors
AGL13	Chr1	-7730079	-7730097	TTACTTAAAATGGTAAAT	0.800254684376	MA1204.1	Arabidopsis thaliana	MADS box factors
AGL1	Chr1	-7730078	-7730096	CTTACTTAAAATGGTAAA	0.586848357888	MA0585.1	Arabidopsis thaliana	MADS box factors
AGL15	Chr1	-7730077	-7730096	TCTTACTTAAAATGGTAAA	0.594230321279	MA0548.2	Arabidopsis thaliana	MADS box factors
AGL3	Chr1	-7730078	-7730096	CTTACTTAAAATGGTAAA	0.652215032226	MA0001.2	Arabidopsis thaliana	MADS box factors
AGL16	Chr1	-7730080	-7730095	TACTTAAAATGGTAA	0.6716313194760001	MA1199.1	Arabidopsis thaliana	MADS box factors
NTL9	Chr1	-7730078	-7730087	CTTACTTAA	0.624747488417	MA1046.1	Arabidopsis thaliana	NAC/NAM
AT3G12730	Chr1	-7730068	-7730082	AAAAGATTCTCTTA	0.607653706263	MA1166.1	Arabidopsis thaliana	Other
AT2G40260	Chr1	-7730066	-7730081	TAAAAAGATTCTCTT	0.81281874531	MA1385.1	Arabidopsis thaliana	Other
AT3G04030	Chr1	-7730067	-7730081	AAAAAGATTCTCTT	0.895463237424	MA1168.1	Arabidopsis thaliana	Other
AT5G45580	Chr1	-7730067	-7730081	AAAAAGATTCTCTT	0.7659706725579999	MA1163.1	Arabidopsis thaliana	Other
ARR1	Chr1	-7730070	-7730080	AAGATTCTCT	0.8700435446610001	MA0945.1	Arabidopsis thaliana	Tryptophan cluster factors
ARR2	Chr1	-7730069	-7730079	AAAGATTCTC	0.888532278106	MA0949.1	Arabidopsis thaliana	Tryptophan cluster factors
UIF1	Chr1	-7730069	-7730079	AAAGATTCTC	0.8627064031749999	MA1413.1	Arabidopsis thaliana	Helix-Turn-Helix
AT4G37180	Chr1	-7730067	-7730078	AAAAAGATTCT	0.908503424579	MA1164.1	Arabidopsis thaliana	Other
ANL2	Chr1	-7730039	-7730050	TTAATTAATGA	0.7299753770090001	MA1375.1	Arabidopsis thaliana	Homeo domain factors
ATHB25	Chr1	-7730035	-7730050	TTTCTTAATTAATGA	0.8018079446699999	MA1329.1	Arabidopsis thaliana	Homeo domain factors
HDG1	Chr1	-7730039	-7730050	TTAATTAATGA	0.74446556043	MA1369.1	Arabidopsis thaliana	Homeo domain factors
ATHB34	Chr1	-7730031	-7730046	TTTGTTTCTTAATTA	0.805172581787	MA1328.1	Arabidopsis thaliana	Homeo domain factors
TGA7	Chr1	-7729968	-7729978	CGTGACGTTA	0.7101759318780001	MA1070.1	Arabidopsis thaliana	Basic leucine zipper factors (bZIP)
TGA2	Chr1	-7729968	-7729976	CGTGACGT	0.742264543285	MA1068.1	Arabidopsis thaliana	Basic leucine zipper factors (bZIP)
BZIP60	Chr1	-7729965	-7729973	TGACGTGA	0.7387982372509999	MA0967.1	Arabidopsis thaliana	Basic leucine zipper factors (bZIP)
TGA1A	Chr1	-7729965	-7729972	TGACGTG	1.00039583169	MA0129.1	Nicotiana sp.	Basic leucine zipper factors (bZIP)
SPL7	Chr1	-7729947	-7729955	CGAACGGC	0.704745788476	MA1060.1	Arabidopsis thaliana	SBP-type zinc finger
At1g49010	Chr1	-7729842	-7729857	AAAGATAAGAAGAAG	0.693572986965	MA1186.1	Arabidopsis thaliana	Helix-Turn-Helix
ATHB34	Chr1	-7729806	-7729821	TAATTAAGTAAAAAT	0.780955312102	MA1328.1	Arabidopsis thaliana	Homeo domain factors
ATHB24	Chr1	-7729801	-7729816	CAAAGTAATTAAGTA	0.782962436328	MA1330.1	Arabidopsis thaliana	Homeo domain factors
NAC92	Chr1	-7729727	-7729739	ATTGGCTTGTCT	0.7620711994120001	MA1044.1	Arabidopsis thaliana	NAC/NAM
ABI3	Chr1	-7729631	-7729640	TTGCATGCA	0.866348314412	MA0564.1	Arabidopsis thaliana	B3 domain
FUS3	Chr1	-7729631	-7729640	TTGCATGCA	0.651298695387	MA0565.1	Arabidopsis thaliana	B3 domain
TSAR1	Chr1	-7729559	-7729569	TCCACGTTCC	0.5166504091659999	MA1411.1	Medicago truncatula	Basic helix-loop-helix factors (bHLH)
ZAP1	Chr1	-7729278	-7729289	TTGACTCAGCC	0.539273109302	MA0589.1	Arabidopsis thaliana	WRKY
WRKY46	Chr1	-7729276	-7729287	CTTTGACTCAG	0.665326393362	MA1296.1	Arabidopsis thaliana	WRKY
At5g47390	Chr1	-7729265	-7729280	TTTGGATAAAACTTT	0.723787905003	MA1398.1	Arabidopsis thaliana	Helix-Turn-Helix
AT5G56840	Chr1	-7729263	-7729278	TATTTGGATAAAACT	0.6395841161320001	MA1195.1	Arabidopsis thaliana	Helix-Turn-Helix
AT5G61620	Chr1	-7729263	-7729278	TATTTGGATAAAACT	0.768049559773	MA1189.1	Arabidopsis thaliana	Helix-Turn-Helix
At1g19000	Chr1	-7729264	-7729278	ATTTGGATAAAACT	0.635705795382	MA1400.1	Arabidopsis thaliana	Helix-Turn-Helix
At1g74840	Chr1	-7729265	-7729276	TTTGGATAAAA	0.826105853423	MA1397.1	Arabidopsis thaliana	Helix-Turn-Helix
