Term	Gene	Chr	Start	End	Factor	Desc	Title	Class
GSM856054	AT4G02020	Chr4	881589	886266	HTR5	Col-0; 10 day-old seedlings	HTR5 Myc ChIP-seq	EF	ChIP-seq
GSM1142627	AT4G02020	Chr4	883196	885200	AP1	Inflorescences of 4 day-old pAP1::AP1-GR ap1 cal plants with anti-GR antibody	AP1 ChIP-seq 4d biological reps 1 and 2	TF	ChIP-seq
GSM2544804	AT4G02020	Chr4	883253	884731	H1	H3.3 Knockdown; 10 day-old seedlings	H3.3KD_H1_#2	EF	ChIP-seq
GSM1669395	AT4G02020	Chr4	883453	885283	H3T3ph 	Col-0; 21 day-old rosette leaves in normal watered state	rosettes_wildtype_watered_H3T3ph_rep2	EF	ChIP-seq
GSM2544793	AT4G02020	Chr4	883469	885049	H1	WT; 10 day-old seedlings	WT_H1_#1	EF	ChIP-seq
GSM1906919	AT4G02020	Chr4	883475	884822	H3K4me2	atx; 4 week-old rosette leaves	H3K4me2_ChIP-Seq_atx	EF	ChIP-seq
GSM1669394	AT4G02020	Chr4	883514	884926	H3T3ph 	Col-0; 21 day-old rosette leaves in normal watered state	rosettes_wildtype_watered_H3T3ph_rep1	EF	ChIP-seq
GSM1142626	AT4G02020	Chr4	883555	885215	AP1	Inflorescences of 2 day-old pAP1::AP1-GR ap1 cal plants with anti-GR antibody	AP1 ChIP-seq 2d biological rep 1	TF	ChIP-seq
GSM1669427	AT4G02020	Chr4	883573	884883	H3T3ph	Double mutant at3g03940/at518190; 21 day-old rosette leaves in drought stress state	rosettes_dm_peg_H3T3ph_rep2	EF	ChIP-seq
GSM1669425	AT4G02020	Chr4	883629	885142	H3T3ph 	Double mutant at3g03940/at518190; 21 day-old rosette leaves in normal watered state	rosettes_dm_watered_H3T3ph_rep2	EF	ChIP-seq
GSM1669405	AT4G02020	Chr4	883651	885223	H3K4me1	Col-0; 21 day-old rosette leaves in drought stress state	rosettes_wildtype_peg_H3K4me1_rep4	EF	ChIP-seq
GSM1669409	AT4G02020	Chr4	883717	884975	H3T3ph 	Col-0; 21 day-old rosette leaves in drought stress state	rosettes_wildtype_peg_H3T3ph_rep1	EF	ChIP-seq
GSM1669418	AT4G02020	Chr4	883728	885267	H3K4me1	Double mutant at3g03940/at518190; 21 day-old rosette leaves in drought stress state	rosettes_dm_peg_H3K4me1_rep1	EF	ChIP-seq
GSM1464766	AT4G02020	Chr4	883756	885236	NAC050	NAC050-HA	ZC_2_131216	TF	ChIP-seq
GSM1239089	AT4G02020	Chr4	883810	884968	iBH1	p35S::IBH1-GFP; 10 day-old seedlings	IBL1-ChIP-Seq	TF	ChIP-seq
GSM820414	AT4G02020	Chr4	883908	884906	SVP	Seedlings of pSVP::SVP-GFP svp-41	seedling_svp_SVP-GFP_rep2	TF	ChIP-seq
GSM1184662	AT4G02020	Chr4	884488	887284	ERF115	35S::ERF115-HBH; suspension cells	ERF115-HBH ChIP output	TF	ChIP-seq
GSM1925343	AT4G02020	Chr4	884663	884864	HSF3: HSF family	protein:HSF3; gene id:AT5G16820; protein family:HSF; protein source:Arabidopsis thaliana; protein affinity tag:Halo; expression system:tnt; dna source:colamp; replicate:a; subset:motif	DAPSeq-HSF_tnt-HSF3_colamp_a	TF	DAP-seq
GSM1925484	AT4G02020	Chr4	884924	885125	MYB94: MYB family	protein:MYB94; gene id:AT3G47600; protein family:MYB; protein source:Arabidopsis thaliana; protein affinity tag:Halo; expression system:tnt; dna source:col; replicate:b; subset:motif	DAPSeq-MYB_tnt-MYB94_col_b	TF	DAP-seq
GSM1325785	AT4G02020	Chr4	885134	894507	SVP	pSVP:SVP:GFP svp-41 FLC FRI	pSVP:SVP:GFP svp-41 FLC FRI rep1	TF	ChIP-seq
GSM1925292	AT4G02020	Chr4	885236	885437	AT1G49560: G2like family	protein:AT1G49560; gene id:AT1G49560; protein family:G2like; protein source:Arabidopsis thaliana; protein affinity tag:Halo; expression system:tnt; dna source:colamp; replicate:a; subset:motif	DAPSeq-G2like_tnt-AT1G49560_colamp_a	TF	DAP-seq
GSM1942121	AT4G02020	Chr4	885296	887516	H2A.Z	Col-0 leaves 	A_thaliana_H2A.Z_chip	EF	ChIP-seq
GSM1925297	AT4G02020	Chr4	885322	885523	AT2G40260: G2like family	protein:AT2G40260; gene id:AT2G40260; protein family:G2like; protein source:Arabidopsis thaliana; protein affinity tag:Halo; expression system:tnt; dna source:colamp; replicate:a; subset:motif	DAPSeq-G2like_tnt-AT2G40260_colamp_a	TF	DAP-seq
GSM1925308	AT4G02020	Chr4	885328	885529	At2g03500: G2like family	protein:At2g03500; gene id:AT2G03500; protein family:G2like; protein source:Arabidopsis thaliana; protein affinity tag:Halo; expression system:tnt; dna source:col; replicate:a; subset:motif	DAPSeq-G2like_tnt-At2g03500_col_a	TF	DAP-seq
GSM1925182	AT4G02020	Chr4	885335	885536	At3g45610: C2C2dof family	protein:At3g45610; gene id:AT3G45610; protein family:C2C2dof; protein source:Arabidopsis thaliana; protein affinity tag:Halo; expression system:tnt; dna source:colamp; replicate:a; subset:motif	DAPSeq-C2C2dof_tnt-At3g45610_colamp_a	TF	DAP-seq
GSM1260848	AT4G02020	Chr4	885360	886799	LHY	WT; 2 week-old whole seedlings	LHY_ChIPSeq	TF	ChIP-seq
GSM1925632	AT4G02020	Chr4	885375	885576	SPL15: SBP family	protein:SPL15; gene id:AT3G57920; protein family:SBP; protein source:Arabidopsis thaliana; protein affinity tag:Halo; expression system:tnt; dna source:colamp; replicate:a; subset:motif	DAPSeq-SBP_tnt-SPL15_colamp_a	TF	DAP-seq
GSM1925172	AT4G02020	Chr4	885393	885594	AT3G52440: C2C2dof family	protein:AT3G52440; gene id:AT3G52440; protein family:C2C2dof; protein source:Arabidopsis thaliana; protein affinity tag:Halo; expression system:tnt; dna source:colamp; replicate:a; subset:motif	DAPSeq-C2C2dof_tnt-AT3G52440_colamp_a	TF	DAP-seq
GSM1925175	AT4G02020	Chr4	885393	885594	AT5G02460: C2C2dof family	protein:AT5G02460; gene id:AT5G02460; protein family:C2C2dof; protein source:Arabidopsis thaliana; protein affinity tag:Halo; expression system:tnt; dna source:col; replicate:a; subset:motif	DAPSeq-C2C2dof_tnt-AT5G02460_col_a	TF	DAP-seq
GSM1925177	AT4G02020	Chr4	885394	885595	AT5G66940: C2C2dof family	protein:AT5G66940; gene id:AT5G66940; protein family:C2C2dof; protein source:Arabidopsis thaliana; protein affinity tag:Halo; expression system:tnt; dna source:col; replicate:a; subset:motif	DAPSeq-C2C2dof_tnt-AT5G66940_col_a	TF	DAP-seq
GSM1925201	AT4G02020	Chr4	885394	885595	dof43: C2C2dof family	protein:DOF4.3; gene id:AT4G21040; protein family:C2C2dof; protein source:Arabidopsis thaliana; protein affinity tag:Halo; expression system:tnt; dna source:colamp; replicate:a; subset:motif	DAPSeq-C2C2dof_tnt-dof43_colamp_a	TF	DAP-seq
GSM1925180	AT4G02020	Chr4	885397	885598	At1g64620_100ng20cy_b: C2C2dof family	protein:At1g64620; gene id:AT1G64620; protein family:C2C2dof; protein source:Arabidopsis thaliana; protein affinity tag:Halo; expression system:tnt; dna source:col; replicate:b; subset:motif	DAPSeq-C2C2dof_tnt-At1g64620_100ng20cy_b	TF	DAP-seq
GSM1925187	AT4G02020	Chr4	885397	885598	CDF3: C2C2dof family	protein:CDF3; gene id:AT3G47500; protein family:C2C2dof; protein source:Arabidopsis thaliana; protein affinity tag:Halo; expression system:tnt; dna source:colamp; replicate:a; subset:motif	DAPSeq-C2C2dof_tnt-CDF3_colamp_a	TF	DAP-seq
GSM1925199	AT4G02020	Chr4	885397	885598	dof24: C2C2dof family	protein:DOF2.4; gene id:AT2G37590; protein family:C2C2dof; protein source:Arabidopsis thaliana; protein affinity tag:Halo; expression system:tnt; dna source:col; replicate:a; subset:motif	DAPSeq-C2C2dof_tnt-dof24_col_a	TF	DAP-seq
GSM1925195	AT4G02020	Chr4	885398	885599	OBP3: C2C2dof family	protein:OBP3; gene id:AT3G55370; protein family:C2C2dof; protein source:Arabidopsis thaliana; protein affinity tag:Halo; expression system:tnt; dna source:col; replicate:a; subset:motif	DAPSeq-C2C2dof_tnt-OBP3_col_a	TF	DAP-seq
GSM1925204	AT4G02020	Chr4	885398	885599	dof45: C2C2dof family	protein:DOF4.5; gene id:AT4G21080; protein family:C2C2dof; protein source:Arabidopsis thaliana; protein affinity tag:Halo; expression system:tnt; dna source:col; replicate:a; subset:motif	DAPSeq-C2C2dof_tnt-dof45_col_a	TF	DAP-seq
GSM1925617	AT4G02020	Chr4	885399	885600	BBX31: Orphan family	protein:BBX31; gene id:AT3G21890; protein family:Orphan; protein source:Arabidopsis thaliana; protein affinity tag:Halo; expression system:tnt; dna source:col; replicate:a; subset:motif	DAPSeq-Orphan_tnt-BBX31_col_a	TF	DAP-seq
GSM1925674	AT4G02020	Chr4	885404	885605	AT5G47660: Trihelix family	protein:AT5G47660; gene id:AT5G47660; protein family:Trihelix; protein source:Arabidopsis thaliana; protein affinity tag:Halo; expression system:tnt; dna source:colamp; replicate:a; subset:motif	DAPSeq-Trihelix_tnt-AT5G47660_colamp_a	TF	DAP-seq
GSM1925677	AT4G02020	Chr4	885404	885605	GT2: Trihelix family	protein:GT2; gene id:AT1G76890; protein family:Trihelix; protein source:Arabidopsis thaliana; protein affinity tag:Halo; expression system:tnt; dna source:colamp; replicate:a; subset:motif	DAPSeq-Trihelix_tnt-GT2_colamp_a	TF	DAP-seq
GSM1925678	AT4G02020	Chr4	885404	885605	GT2: Trihelix family	protein:GT2; gene id:AT1G76890; protein family:Trihelix; protein source:Arabidopsis thaliana; protein affinity tag:Halo; expression system:tnt; dna source:col; replicate:a; subset:motif	DAPSeq-Trihelix_tnt-GT2_col_a	TF	DAP-seq
GSM1925680	AT4G02020	Chr4	885404	885605	GTL1: Trihelix family	protein:GTL1; gene id:AT1G33240; protein family:Trihelix; protein source:Arabidopsis thaliana; protein affinity tag:Halo; expression system:tnt; dna source:colamp; replicate:a; subset:motif	DAPSeq-Trihelix_tnt-GTL1_colamp_a	TF	DAP-seq
GSM2367150	AT4G02020	Chr4	885406	887340	H2AK121ub	WT	Col-0 H2AK121ub 7DAG rep5	EF	ChIP-seq
GSM1925169	AT4G02020	Chr4	885422	885623	AT1G69570: C2C2dof family	protein:AT1G69570; gene id:AT1G69570; protein family:C2C2dof; protein source:Arabidopsis thaliana; protein affinity tag:Halo; expression system:tnt; dna source:col; replicate:a; subset:motif	DAPSeq-C2C2dof_tnt-AT1G69570_col_a	TF	DAP-seq
GSM1925171	AT4G02020	Chr4	885422	885623	AT2G28810: C2C2dof family	protein:AT2G28810; gene id:AT2G28810; protein family:C2C2dof; protein source:Arabidopsis thaliana; protein affinity tag:Halo; expression system:tnt; dna source:col; replicate:a; subset:motif	DAPSeq-C2C2dof_tnt-AT2G28810_col_a	TF	DAP-seq
GSM1925174	AT4G02020	Chr4	885438	885639	AT5G02460: C2C2dof family	protein:AT5G02460; gene id:AT5G02460; protein family:C2C2dof; protein source:Arabidopsis thaliana; protein affinity tag:Halo; expression system:tnt; dna source:colamp; replicate:a; subset:motif	DAPSeq-C2C2dof_tnt-AT5G02460_colamp_a	TF	DAP-seq
GSM1925181	AT4G02020	Chr4	885438	885639	At1g64620: C2C2dof family	protein:At1g64620; gene id:AT1G64620; protein family:C2C2dof; protein source:Arabidopsis thaliana; protein affinity tag:Halo; expression system:tnt; dna source:colamp; replicate:a; subset:motif	DAPSeq-C2C2dof_tnt-At1g64620_colamp_a	TF	DAP-seq
GSM1925186	AT4G02020	Chr4	885439	885640	At5g62940: C2C2dof family	protein:At5g62940; gene id:AT5G62940; protein family:C2C2dof; protein source:Arabidopsis thaliana; protein affinity tag:Halo; expression system:tnt; dna source:col; replicate:a; subset:motif	DAPSeq-C2C2dof_tnt-At5g62940_col_a	TF	DAP-seq
GSM1925192	AT4G02020	Chr4	885440	885641	DAG2: C2C2dof family	protein:DAG2; gene id:AT2G46590; protein family:C2C2dof; protein source:Arabidopsis thaliana; protein affinity tag:Halo; expression system:tnt; dna source:col; replicate:a; subset:motif	DAPSeq-C2C2dof_tnt-DAG2_col_a	TF	DAP-seq
GSM1925185	AT4G02020	Chr4	885441	885642	At4g38000: C2C2dof family	protein:At4g38000; gene id:AT4G38000; protein family:C2C2dof; protein source:Arabidopsis thaliana; protein affinity tag:Halo; expression system:tnt; dna source:col; replicate:a; subset:motif	DAPSeq-C2C2dof_tnt-At4g38000_col_a	TF	DAP-seq
GSM1925170	AT4G02020	Chr4	885442	885643	AT2G28810: C2C2dof family	protein:AT2G28810; gene id:AT2G28810; protein family:C2C2dof; protein source:Arabidopsis thaliana; protein affinity tag:Halo; expression system:tnt; dna source:colamp; replicate:a; subset:motif	DAPSeq-C2C2dof_tnt-AT2G28810_colamp_a	TF	DAP-seq
GSM1925681	AT4G02020	Chr4	885446	885647	GTL1: Trihelix family	protein:GTL1; gene id:AT1G33240; protein family:Trihelix; protein source:Arabidopsis thaliana; protein affinity tag:Halo; expression system:tnt; dna source:col; replicate:a; subset:motif	DAPSeq-Trihelix_tnt-GTL1_col_a	TF	DAP-seq
GSM2367152	AT4G02020	Chr4	885453	887359	H2AK121ub	WT	Col-0 H2AK121ub 7DAG rep6	EF	ChIP-seq
GSM1925612	AT4G02020	Chr4	885465	885666	FRS9: ND family	protein:FRS9; gene id:AT4G38170; protein family:ND; protein source:Arabidopsis thaliana; protein affinity tag:Halo; expression system:tnt; dna source:colamp; replicate:a; subset:motif	DAPSeq-ND_tnt-FRS9_colamp_a	TF	DAP-seq
GSM2367149	AT4G02020	Chr4	885527	888411	H2AK121ub	lhp1 mutants	lhp1 H2AK121ub 7DAG rep1	EF	ChIP-seq
GSM2130861	AT4G02020	Chr4	885738	887135	NFYB2	10 uM abscisic acid for 4 hours	AT5G47640_NFYB2_ABA_ChIP_rep2	TF	ChIP-seq
GSM1925215	AT4G02020	Chr4	885811	886012	GATA20: C2C2gata family	protein:GATA20; gene id:AT2G18380; protein family:C2C2gata; protein source:Arabidopsis thaliana; protein affinity tag:Halo; expression system:tnt; dna source:colamp; replicate:a; subset:motif	DAPSeq-C2C2gata_tnt-GATA20_colamp_a	TF	DAP-seq
GSM1925211	AT4G02020	Chr4	885821	886022	GATA15: C2C2gata family	protein:GATA15; gene id:AT3G06740; protein family:C2C2gata; protein source:Arabidopsis thaliana; protein affinity tag:Halo; expression system:tnt; dna source:col; replicate:b; subset:motif	DAPSeq-C2C2gata_tnt-GATA15_col_b	TF	DAP-seq
GSM1655639	AT4G02020	Chr4	885922	887673	H3K4me3	mature fully-expanded rosette leaf tissue; 29d	H3K4me3_29d_ChIP	EF	ChIP-seq
GSM1925522	AT4G02020	Chr4	885937	886138	At5g58900: MYBrelated family	protein:At5g58900; gene id:AT5G58900; protein family:MYBrelated; protein source:Arabidopsis thaliana; protein affinity tag:Halo; expression system:tnt; dna source:colamp; replicate:a; subset:motif	DAPSeq-MYBrelated_tnt-At5g58900_colamp_a	TF	DAP-seq
GSM1925498	AT4G02020	Chr4	885939	886140	AT5G56840: MYBrelated family	protein:AT5G56840; gene id:AT5G56840; protein family:MYBrelated; protein source:Arabidopsis thaliana; protein affinity tag:Halo; expression system:tnt; dna source:colamp; replicate:a; subset:motif	DAPSeq-MYBrelated_tnt-AT5G56840_colamp_a	TF	DAP-seq
GSM1925502	AT4G02020	Chr4	885939	886140	At1g19000: MYBrelated family	protein:At1g19000; gene id:AT1G19000; protein family:MYBrelated; protein source:Arabidopsis thaliana; protein affinity tag:Halo; expression system:tnt; dna source:colamp; replicate:a; subset:motif	DAPSeq-MYBrelated_tnt-At1g19000_colamp_a	TF	DAP-seq
GSM1936285	AT4G02020	Chr4	885949	887600	H3K36ac	WT; leaves	H3K36ac_Col_wt_Rep1	EF	ChIP-seq
GSM1291193	AT4G02020	Chr4	885951	887221	E2Fa	35S::E2Fa-HBH; suspension cells with Ni2+-NTA and streptavidin-sepharose antibody	 E2Fa-HBH TChAP output; replicate 2	TF	ChIP-seq
GSM1655645	AT4G02020	Chr4	885963	887737	H3K4me3	mature fully-expanded rosette leaf tissue; 57d	H3K4me3_57d_ChIP	EF	ChIP-seq
GSM1655643	AT4G02020	Chr4	885965	887732	H3K4me3	mature fully-expanded rosette leaf tissue; 42d	H3K4me3_42d_ChIP	EF	ChIP-seq
GSM2090078	AT4G02020	Chr4	885966	887881	H3K4me3	pold2; 10 day-old seedlings	pold2_H3K4me3	EF	ChIP-seq
GSM1655641	AT4G02020	Chr4	885969	887690	H3K4me3	mature fully-expanded rosette leaf tissue; 35d	H3K4me3_35d_ChIP	EF	ChIP-seq
GSM1936279	AT4G02020	Chr4	885969	887488	H3K36ac	sdg8; leaves	H3K36ac_Col_sdg8_Rep1	EF	ChIP-seq
GSM2027814	AT4G02020	Chr4	885975	887911	H3K4me3	Col-0 leaves	A_thaliana_H3K4me3_chip	EF	ChIP-seq
GSM2090073	AT4G02020	Chr4	885988	887812	H3K4me3	C24; 10 day-old seedlings	WT_H3K4me3	EF	ChIP-seq
GSM1906917	AT4G02020	Chr4	885992	887636	H3K4me3	WT; 4 week-old rosette leaves	H3K4me3_ChIP-Seq_WT	EF	ChIP-seq
GSM1925493	AT4G02020	Chr4	885992	886193	AT3G10113: MYBrelated family	protein:AT3G10113; gene id:AT3G10113; protein family:MYBrelated; protein source:Arabidopsis thaliana; protein affinity tag:Halo; expression system:tnt; dna source:col; replicate:a; subset:motif	DAPSeq-MYBrelated_tnt-AT3G10113_col_a	TF	DAP-seq
GSM1925509	AT4G02020	Chr4	885992	886193	At3g09600: MYBrelated family	protein:At3g09600; gene id:AT3G09600; protein family:MYBrelated; protein source:Arabidopsis thaliana; protein affinity tag:Halo; expression system:tnt; dna source:colamp; replicate:a; subset:motif	DAPSeq-MYBrelated_tnt-At3g09600_colamp_a	TF	DAP-seq
GSM1925526	AT4G02020	Chr4	885992	886193	LHY1: MYBrelated family	protein:LHY1; gene id:AT1G01060; protein family:MYBrelated; protein source:Arabidopsis thaliana; protein affinity tag:Halo; expression system:tnt; dna source:colamp; replicate:a; subset:motif	DAPSeq-MYBrelated_tnt-LHY1_colamp_a	TF	DAP-seq
GSM1925527	AT4G02020	Chr4	885992	886193	LHY1: MYBrelated family	protein:LHY1; gene id:AT1G01060; protein family:MYBrelated; protein source:Arabidopsis thaliana; protein affinity tag:Halo; expression system:tnt; dna source:col; replicate:a; subset:motif	DAPSeq-MYBrelated_tnt-LHY1_col_a	TF	DAP-seq
GSM1925529	AT4G02020	Chr4	885992	886193	RVE1: MYBrelated family	protein:RVE1; gene id:AT5G17300; protein family:MYBrelated; protein source:Arabidopsis thaliana; protein affinity tag:Halo; expression system:tnt; dna source:col; replicate:a; subset:motif	DAPSeq-MYBrelated_tnt-RVE1_col_a	TF	DAP-seq
GSM2101794	AT4G02020	Chr4	885992	887869	H3K4me3	C24; 10 day-old seedlings	TWT_H3K4me3	EF	ChIP-seq
GSM1925510	AT4G02020	Chr4	885993	886194	At3g09600: MYBrelated family	protein:At3g09600; gene id:AT3G09600; protein family:MYBrelated; protein source:Arabidopsis thaliana; protein affinity tag:Halo; expression system:tnt; dna source:col; replicate:a; subset:motif	DAPSeq-MYBrelated_tnt-At3g09600_col_a	TF	DAP-seq
GSM1925520	AT4G02020	Chr4	885993	886194	At5g52660: MYBrelated family	protein:At5g52660; gene id:AT5G52660; protein family:MYBrelated; protein source:Arabidopsis thaliana; protein affinity tag:Halo; expression system:tnt; dna source:colamp; replicate:a; subset:motif	DAPSeq-MYBrelated_tnt-At5g52660_colamp_a	TF	DAP-seq
GSM1925524	AT4G02020	Chr4	885993	886194	EPR1: MYBrelated family	protein:EPR1; gene id:AT1G18330; protein family:MYBrelated; protein source:Arabidopsis thaliana; protein affinity tag:Halo; expression system:tnt; dna source:colamp; replicate:a; subset:motif	DAPSeq-MYBrelated_tnt-EPR1_colamp_a	TF	DAP-seq
GSM1925525	AT4G02020	Chr4	885994	886195	LCL1: MYBrelated family	protein:LCL1; gene id:AT5G02840; protein family:MYBrelated; protein source:Arabidopsis thaliana; protein affinity tag:Halo; expression system:tnt; dna source:colamp; replicate:a; subset:motif	DAPSeq-MYBrelated_tnt-LCL1_colamp_a	TF	DAP-seq
GSM1193623	AT4G02020	Chr4	886000	887741	H3K4me3	drm2-2	drm2 H3K4m3 ChIP (replicate 2)	EF	ChIP-seq
GSM2101799	AT4G02020	Chr4	886002	887880	H3K4me3	fen1; 10 day-old seedlings	fen1_H3K4me3	EF	ChIP-seq
GSM2544806	AT4G02020	Chr4	886015	889663	H3K4me3	H3.3 Knockdown; 10 day-old seedlings	H33KD_H3K4me3_#2	EF	ChIP-seq
GSM1936267	AT4G02020	Chr4	886023	890474	H3K36me3	gcn5; leaves 	H3K36me3_ws_gcn5_Rep1	EF	ChIP-seq
GSM1193625	AT4G02020	Chr4	886025	887723	H3K4me3	nrpd1-4	nrpd1 H3K4m3 ChIP (replicate 2)	EF	ChIP-seq
GSM2544796	AT4G02020	Chr4	886029	890018	H3K4me3	WT; 10 day-old seedlings	WT_H3K4me3_#2	EF	ChIP-seq
GSM1669423	AT4G02020	Chr4	886031	887593	H3K4me3	Double mutant at3g03940/at518190; 21 day-old rosette leaves in drought stress state	rosettes_dm_peg_H3K4me3_rep2	EF	ChIP-seq
GSM2429861	AT4G02020	Chr4	886032	889844	H3K36me3	Homozygous sdg8 T-DNA insertion	sdg8-H3K36me3	EF	ChIP-seq
GSM1669420	AT4G02020	Chr4	886037	887633	H3K4me3	Double mutant at3g03940/at518190; 21 day-old rosette leaves in normal watered state	rosettes_dm_watered_H3K4me3_rep1	EF	ChIP-seq
GSM1193622	AT4G02020	Chr4	886038	887714	H3K4me3	jmj14 ldl1 ldl2	jmj14 ldl1 ldl2 H3K4m3 ChIP (replicate 2)	EF	ChIP-seq
GSM1925514	AT4G02020	Chr4	886041	886242	At4g01280: MYBrelated family	protein:At4g01280; gene id:AT4G01280; protein family:MYBrelated; protein source:Arabidopsis thaliana; protein affinity tag:Halo; expression system:tnt; dna source:col; replicate:a; subset:motif	DAPSeq-MYBrelated_tnt-At4g01280_col_a	TF	DAP-seq
GSM1669422	AT4G02020	Chr4	886043	887694	H3K4me3	Double mutant at3g03940/at518190; 21 day-old rosette leaves in drought stress state	rosettes_dm_peg_H3K4me3_rep1	EF	ChIP-seq
GSM1925521	AT4G02020	Chr4	886043	886244	At5g52660: MYBrelated family	protein:At5g52660; gene id:AT5G52660; protein family:MYBrelated; protein source:Arabidopsis thaliana; protein affinity tag:Halo; expression system:tnt; dna source:col; replicate:a; subset:motif	DAPSeq-MYBrelated_tnt-At5g52660_col_a	TF	DAP-seq
GSM1193624	AT4G02020	Chr4	886045	887728	H3K4me3	nrpd1-11	nrpe1 H3K4m3 ChIP (replicate 2)	EF	ChIP-seq
GSM1906920	AT4G02020	Chr4	886046	887697	H3K4me3	atx; 4 week-old rosette leaves	H3K4me3_ChIP-Seq_atx	EF	ChIP-seq
GSM1925513	AT4G02020	Chr4	886047	886248	At4g01280: MYBrelated family	protein:At4g01280; gene id:AT4G01280; protein family:MYBrelated; protein source:Arabidopsis thaliana; protein affinity tag:Halo; expression system:tnt; dna source:colamp; replicate:a; subset:motif	DAPSeq-MYBrelated_tnt-At4g01280_colamp_a	TF	DAP-seq
GSM1193621	AT4G02020	Chr4	886051	887758	H3K4me3	WT	Col H3K4m3 ChIP (replicate 2)	EF	ChIP-seq
GSM1936273	AT4G02020	Chr4	886053	890344	H3K36me3	WT; leaves	H3K36me3_ws_wt_Rep1	EF	ChIP-seq
GSM1669421	AT4G02020	Chr4	886059	887567	H3K4me3	Double mutant at3g03940/at518190; 21 day-old rosette leaves in normal watered state	rosettes_dm_watered_H3K4me3_rep2	EF	ChIP-seq
GSM1936274	AT4G02020	Chr4	886059	890426	H3K36me3	WT; leaves	H3K36me3_ws_wt_Rep2	EF	ChIP-seq
GSM2027818	AT4G02020	Chr4	886067	887545	H3K56ac	Col-0 leaves	A_thaliana_H3K56ac_chip	EF	ChIP-seq
GSM2388444	AT4G02020	Chr4	886067	887417	H314ac	pwr mutants	pwr2_K14	EF	ChIP-seq
GSM1225091	AT4G02020	Chr4	886070	887650	H3K4me3	Col-0; yong leaves	At_H3K4me3_rep2	EF	ChIP-seq
GSM1925681	AT4G02020	Chr4	886082	886283	GTL1: Trihelix family	protein:GTL1; gene id:AT1G33240; protein family:Trihelix; protein source:Arabidopsis thaliana; protein affinity tag:Halo; expression system:tnt; dna source:col; replicate:a; subset:motif	DAPSeq-Trihelix_tnt-GTL1_col_a	TF	DAP-seq
GSM2342264	AT4G02020	Chr4	886082	887551	H3K27ac	hda9 mutant in mature and early senescence leaves.	hda9-H3K27ac ChIP	EF	ChIP-seq
GSM2388454	AT4G02020	Chr4	886082	887603	H3K9ac	had9 mutants	hdac_K9_rep2	EF	ChIP-seq
GSM1925680	AT4G02020	Chr4	886083	886284	GTL1: Trihelix family	protein:GTL1; gene id:AT1G33240; protein family:Trihelix; protein source:Arabidopsis thaliana; protein affinity tag:Halo; expression system:tnt; dna source:colamp; replicate:a; subset:motif	DAPSeq-Trihelix_tnt-GTL1_colamp_a	TF	DAP-seq
GSM1925174	AT4G02020	Chr4	886085	886286	AT5G02460: C2C2dof family	protein:AT5G02460; gene id:AT5G02460; protein family:C2C2dof; protein source:Arabidopsis thaliana; protein affinity tag:Halo; expression system:tnt; dna source:colamp; replicate:a; subset:motif	DAPSeq-C2C2dof_tnt-AT5G02460_colamp_a	TF	DAP-seq
GSM1925199	AT4G02020	Chr4	886089	886290	dof24: C2C2dof family	protein:DOF2.4; gene id:AT2G37590; protein family:C2C2dof; protein source:Arabidopsis thaliana; protein affinity tag:Halo; expression system:tnt; dna source:col; replicate:a; subset:motif	DAPSeq-C2C2dof_tnt-dof24_col_a	TF	DAP-seq
GSM1669393	AT4G02020	Chr4	886092	887430	H3K4me3	Col-0; 21 day-old rosette leaves in normal watered state	rosettes_wildtype_watered_H3K4me3_rep3	EF	ChIP-seq
GSM1936286	AT4G02020	Chr4	886092	887495	H3K36ac	WT; leaves	H3K36ac_Col_wt_Rep2	EF	ChIP-seq
GSM2544805	AT4G02020	Chr4	886092	889253	H3K4me3	H3.3 Knockdown; 10 day-old seedlings	H3.3KD_H3K4me3_#1	EF	ChIP-seq
GSM1925791	AT4G02020	Chr4	886093	886294	VIP1a: bZIP family	protein:VIP1; gene id:AT1G43700; protein family:bZIP; protein source:Arabidopsis thaliana; protein affinity tag:Halo; expression system:tnt; dna source:col; replicate:v3a; subset:motif	DAPSeq-bZIP_tnt-VIP1_col_v3a	TF	DAP-seq
GSM2366606	AT4G02020	Chr4	886094	887559	H3K9Ac	WT; 14 day-old seedlings	H3K9Ac in WT	EF	ChIP-seq
GSM1225090	AT4G02020	Chr4	886105	887686	H3K4me3	Col-0; yong leaves	At_H3K4me3_rep1	EF	ChIP-seq
GSM1925175	AT4G02020	Chr4	886107	886308	AT5G02460: C2C2dof family	protein:AT5G02460; gene id:AT5G02460; protein family:C2C2dof; protein source:Arabidopsis thaliana; protein affinity tag:Halo; expression system:tnt; dna source:col; replicate:a; subset:motif	DAPSeq-C2C2dof_tnt-AT5G02460_col_a	TF	DAP-seq
GSM1936268	AT4G02020	Chr4	886112	890551	H3K36me3	gcn5; leaves 	H3K36me3_ws_gcn5_Rep2	EF	ChIP-seq
GSM2388442	AT4G02020	Chr4	886118	887350	H3K14ac	hda9 mutants	hdac_K14	EF	ChIP-seq
GSM1193612	AT4G02020	Chr4	886123	887564	H3K4me3	WT	Col H3K4m3 ChIP (replicate 1)	EF	ChIP-seq
GSM2388456	AT4G02020	Chr4	886123	887551	H3K9ac	pwr mutants	pwr2_K9_rep2	EF	ChIP-seq
GSM1193615	AT4G02020	Chr4	886131	887565	H3K4me3	jmj14 ldl1 ldl2	jmj14 ldl1 ldl2 H3K4m3 ChIP (replicate 1)	EF	ChIP-seq
GSM2544795	AT4G02020	Chr4	886146	887954	H3K4me3	WT; 10 day-old seedlings	WT_H3K4me3_#1	EF	ChIP-seq
GSM1906922	AT4G02020	Chr4	886161	887427	H3K4me3	sdg2; 4 week-old rosette leaves	H3K4me3_ChIP-Seq_sdg2	EF	ChIP-seq
GSM1925181	AT4G02020	Chr4	886167	886368	At1g64620: C2C2dof family	protein:At1g64620; gene id:AT1G64620; protein family:C2C2dof; protein source:Arabidopsis thaliana; protein affinity tag:Halo; expression system:tnt; dna source:colamp; replicate:a; subset:motif	DAPSeq-C2C2dof_tnt-At1g64620_colamp_a	TF	DAP-seq
GSM2544797	AT4G02020	Chr4	886169	890640	H3K36me3	WT; 10 day-old seedlings	WT_H3K36me3_#1	EF	ChIP-seq
GSM2027817	AT4G02020	Chr4	886180	890254	H3K36me3	Col-0 leaves	A_thaliana_H3K36me3_chip	EF	ChIP-seq
GSM2544798	AT4G02020	Chr4	886180	889641	H3K36me3	WT; 10 day-old seedlings	WT_H3K36me3_#2	EF	ChIP-seq
GSM2388448	AT4G02020	Chr4	886191	887612	H3K9ac	hda9 mutants	hdac_K9_rep1	EF	ChIP-seq
GSM2183133	AT4G02020	Chr4	886194	887673	H3K9/14ac	5 uM TSA treated for 3h	ChIP_TSA_3h_rep1	EF	ChIP-seq
GSM1925510	AT4G02020	Chr4	886197	886398	At3g09600: MYBrelated family	protein:At3g09600; gene id:AT3G09600; protein family:MYBrelated; protein source:Arabidopsis thaliana; protein affinity tag:Halo; expression system:tnt; dna source:col; replicate:a; subset:motif	DAPSeq-MYBrelated_tnt-At3g09600_col_a	TF	DAP-seq
GSM1925524	AT4G02020	Chr4	886197	886398	EPR1: MYBrelated family	protein:EPR1; gene id:AT1G18330; protein family:MYBrelated; protein source:Arabidopsis thaliana; protein affinity tag:Halo; expression system:tnt; dna source:colamp; replicate:a; subset:motif	DAPSeq-MYBrelated_tnt-EPR1_colamp_a	TF	DAP-seq
GSM1925493	AT4G02020	Chr4	886198	886399	AT3G10113: MYBrelated family	protein:AT3G10113; gene id:AT3G10113; protein family:MYBrelated; protein source:Arabidopsis thaliana; protein affinity tag:Halo; expression system:tnt; dna source:col; replicate:a; subset:motif	DAPSeq-MYBrelated_tnt-AT3G10113_col_a	TF	DAP-seq
GSM1925509	AT4G02020	Chr4	886198	886399	At3g09600: MYBrelated family	protein:At3g09600; gene id:AT3G09600; protein family:MYBrelated; protein source:Arabidopsis thaliana; protein affinity tag:Halo; expression system:tnt; dna source:colamp; replicate:a; subset:motif	DAPSeq-MYBrelated_tnt-At3g09600_colamp_a	TF	DAP-seq
GSM1925526	AT4G02020	Chr4	886198	886399	LHY1: MYBrelated family	protein:LHY1; gene id:AT1G01060; protein family:MYBrelated; protein source:Arabidopsis thaliana; protein affinity tag:Halo; expression system:tnt; dna source:colamp; replicate:a; subset:motif	DAPSeq-MYBrelated_tnt-LHY1_colamp_a	TF	DAP-seq
GSM1925527	AT4G02020	Chr4	886198	886399	LHY1: MYBrelated family	protein:LHY1; gene id:AT1G01060; protein family:MYBrelated; protein source:Arabidopsis thaliana; protein affinity tag:Halo; expression system:tnt; dna source:col; replicate:a; subset:motif	DAPSeq-MYBrelated_tnt-LHY1_col_a	TF	DAP-seq
GSM1925529	AT4G02020	Chr4	886198	886399	RVE1: MYBrelated family	protein:RVE1; gene id:AT5G17300; protein family:MYBrelated; protein source:Arabidopsis thaliana; protein affinity tag:Halo; expression system:tnt; dna source:col; replicate:a; subset:motif	DAPSeq-MYBrelated_tnt-RVE1_col_a	TF	DAP-seq
GSM2544807	AT4G02020	Chr4	886227	889896	H3K36me3	H3.3 Knockdown; 10 day-old seedlings	H3.3KD_H3K36me3_#1	EF	ChIP-seq
GSM2429862	AT4G02020	Chr4	886238	890425	H3K36me3	Col-0	Col-0-H3K36me3	EF	ChIP-seq
GSM2544808	AT4G02020	Chr4	886251	889629	H3K36me3	H3.3 Knockdown; 10 day-old seedlings	H3.3KD_H3K36me3_#2	EF	ChIP-seq
GSM1925586	AT4G02020	Chr4	886252	886453	NAM: NAC family	protein:NAM; gene id:AT1G52880; protein family:NAC; protein source:Arabidopsis thaliana; protein affinity tag:Halo; expression system:tnt; dna source:colamp; replicate:a; subset:motif	DAPSeq-NAC_tnt-NAM_colamp_a	TF	DAP-seq
GSM1925587	AT4G02020	Chr4	886252	886453	NAMa: NAC family	protein:NAM; gene id:AT1G52880; protein family:NAC; protein source:Arabidopsis thaliana; protein affinity tag:Halo; expression system:tnt; dna source:col; replicate:v3a; subset:motif	DAPSeq-NAC_tnt-NAM_col_v3a	TF	DAP-seq
GSM1925589	AT4G02020	Chr4	886252	886453	NAPa: NAC family	protein:NAP; gene id:AT1G69490; protein family:NAC; protein source:Arabidopsis thaliana; protein affinity tag:Halo; expression system:tnt; dna source:col; replicate:v3a; subset:motif	DAPSeq-NAC_tnt-NAP_col_v3a	TF	DAP-seq
GSM1925565	AT4G02020	Chr4	886253	886454	ANAC083: NAC family	protein:ANAC083; gene id:AT5G13180; protein family:NAC; protein source:Arabidopsis thaliana; protein affinity tag:Halo; expression system:tnt; dna source:colamp; replicate:a; subset:motif	DAPSeq-NAC_tnt-ANAC083_colamp_a	TF	DAP-seq
GSM1925566	AT4G02020	Chr4	886254	886455	ANAC083a: NAC family	protein:ANAC083; gene id:AT5G13180; protein family:NAC; protein source:Arabidopsis thaliana; protein affinity tag:Halo; expression system:tnt; dna source:col; replicate:v3a; subset:motif	DAPSeq-NAC_tnt-ANAC083_col_v3a	TF	DAP-seq
GSM2302422	AT4G02020	Chr4	886261	887652	H3K4me3	FACS treated wild type root protoplasts	WT_H3K4me3_2	EF	ChIP-seq
GSM1193614	AT4G02020	Chr4	886272	887482	H3K4me3	ldl1 ldl2	ldl1 ldl2 H3K4m3 ChIP (replicate 1)	EF	ChIP-seq
GSM1925473	AT4G02020	Chr4	886291	886492	MYB77: MYB family	protein:MYB77; gene id:AT3G50060; protein family:MYB; protein source:Arabidopsis thaliana; protein affinity tag:Halo; expression system:tnt; dna source:col; replicate:a; subset:motif	DAPSeq-MYB_tnt-MYB77_col_a	TF	DAP-seq
GSM1925442	AT4G02020	Chr4	886293	886494	MYB3R1: MYB family	protein:MYB3R1; gene id:AT4G32730; protein family:MYB; protein source:Arabidopsis thaliana; protein affinity tag:Halo; expression system:tnt; dna source:col; replicate:a; subset:motif	DAPSeq-MYB_tnt-MYB3R1_col_a	TF	DAP-seq
GSM1925427	AT4G02020	Chr4	886294	886495	MYB119: MYB family	protein:MYB119; gene id:AT5G58850; protein family:MYB; protein source:Arabidopsis thaliana; protein affinity tag:Halo; expression system:tnt; dna source:colamp; replicate:a; subset:motif	DAPSeq-MYB_tnt-MYB119_colamp_a	TF	DAP-seq
GSM1925487	AT4G02020	Chr4	886294	886495	MYB98: MYB family	protein:MYB98; gene id:AT4G18770; protein family:MYB; protein source:Arabidopsis thaliana; protein affinity tag:Halo; expression system:tnt; dna source:col; replicate:a; subset:motif	DAPSeq-MYB_tnt-MYB98_col_a	TF	DAP-seq
GSM1925428	AT4G02020	Chr4	886295	886496	MYB119: MYB family	protein:MYB119; gene id:AT5G58850; protein family:MYB; protein source:Arabidopsis thaliana; protein affinity tag:Halo; expression system:tnt; dna source:col; replicate:a; subset:motif	DAPSeq-MYB_tnt-MYB119_col_a	TF	DAP-seq
GSM1925441	AT4G02020	Chr4	886324	886525	MYB3R1: MYB family	protein:MYB3R1; gene id:AT4G32730; protein family:MYB; protein source:Arabidopsis thaliana; protein affinity tag:Halo; expression system:tnt; dna source:colamp; replicate:a; subset:motif	DAPSeq-MYB_tnt-MYB3R1_colamp_a	TF	DAP-seq
GSM1193619	AT4G02020	Chr4	886334	891095	H3K4me2	nrpe1-11	nrpe1 H3K4m2 ChIP (replicate 2)	EF	ChIP-seq
GSM1193616	AT4G02020	Chr4	886337	890841	H3K4me2	WT	Col H3K4m2 ChIP (replicate 2)	EF	ChIP-seq
GSM1193620	AT4G02020	Chr4	886355	890569	H3K4me2	nrpd1-4	nrpd1 H3K4m2 ChIP (replicate 2)	EF	ChIP-seq
GSM1925522	AT4G02020	Chr4	886355	886556	At5g58900: MYBrelated family	protein:At5g58900; gene id:AT5G58900; protein family:MYBrelated; protein source:Arabidopsis thaliana; protein affinity tag:Halo; expression system:tnt; dna source:colamp; replicate:a; subset:motif	DAPSeq-MYBrelated_tnt-At5g58900_colamp_a	TF	DAP-seq
GSM1925505	AT4G02020	Chr4	886356	886557	At1g49010: MYBrelated family	protein:At1g49010; gene id:AT1G49010; protein family:MYBrelated; protein source:Arabidopsis thaliana; protein affinity tag:Halo; expression system:tnt; dna source:col; replicate:a; subset:motif	DAPSeq-MYBrelated_tnt-At1g49010_col_a	TF	DAP-seq
GSM1925498	AT4G02020	Chr4	886357	886558	AT5G56840: MYBrelated family	protein:AT5G56840; gene id:AT5G56840; protein family:MYBrelated; protein source:Arabidopsis thaliana; protein affinity tag:Halo; expression system:tnt; dna source:colamp; replicate:a; subset:motif	DAPSeq-MYBrelated_tnt-AT5G56840_colamp_a	TF	DAP-seq
GSM1193618	AT4G02020	Chr4	886366	890929	H3K4me2	drm2-2	drm2 H3K4m2 ChIP (replicate 2)	EF	ChIP-seq
GSM1925327	AT4G02020	Chr4	886375	886576	ATHB21: HB family	protein:ATHB21; gene id:AT2G18550; protein family:HB; protein source:Arabidopsis thaliana; protein affinity tag:Halo; expression system:tnt; dna source:colamp; replicate:a; subset:motif	DAPSeq-HB_tnt-ATHB21_colamp_a	TF	DAP-seq
GSM1925328	AT4G02020	Chr4	886375	886576	ATHB21: HB family	protein:ATHB21; gene id:AT2G18550; protein family:HB; protein source:Arabidopsis thaliana; protein affinity tag:Halo; expression system:tnt; dna source:col; replicate:a; subset:motif	DAPSeq-HB_tnt-ATHB21_col_a	TF	DAP-seq
GSM2263689	AT4G02020	Chr4	886375	888784	H3K36me3	Col-0; SAM and early stages leaves; 25C treated	H3K36me3-ChIP 25C biological replicate A	EF	ChIP-seq
GSM1669392	AT4G02020	Chr4	886379	887352	H3K4me3	Col-0; 21 day-old rosette leaves in normal watered state	rosettes_wildtype_watered_H3K4me3_rep2	EF	ChIP-seq
GSM2429858	AT4G02020	Chr4	886382	888741	H3K36me3	Transgenic H3 insertion (H3.3)	WT-H3K36me3	EF	ChIP-seq
GSM1925743	AT4G02020	Chr4	886383	886584	ATHB33: ZFHD family	protein:ATHB33; gene id:AT1G75240; protein family:ZFHD; protein source:Arabidopsis thaliana; protein affinity tag:Halo; expression system:tnt; dna source:col; replicate:a; subset:motif	DAPSeq-ZFHD_tnt-ATHB33_col_a	TF	DAP-seq
GSM1925329	AT4G02020	Chr4	886393	886594	ATHB40: HB family	protein:ATHB40; gene id:AT4G36740; protein family:HB; protein source:Arabidopsis thaliana; protein affinity tag:Halo; expression system:tnt; dna source:colamp; replicate:a; subset:motif	DAPSeq-HB_tnt-ATHB40_colamp_a	TF	DAP-seq
GSM1925330	AT4G02020	Chr4	886393	886594	ATHB40: HB family	protein:ATHB40; gene id:AT4G36740; protein family:HB; protein source:Arabidopsis thaliana; protein affinity tag:Halo; expression system:tnt; dna source:col; replicate:a; subset:motif	DAPSeq-HB_tnt-ATHB40_col_a	TF	DAP-seq
GSM1925337	AT4G02020	Chr4	886395	886596	LMI1: HB family	protein:LMI1; gene id:AT5G03790; protein family:HB; protein source:Arabidopsis thaliana; protein affinity tag:Halo; expression system:tnt; dna source:col; replicate:a; subset:motif	DAPSeq-HB_tnt-LMI1_col_a	TF	DAP-seq
GSM1925331	AT4G02020	Chr4	886396	886597	ATHB5: HB family	protein:ATHB5; gene id:AT5G65310; protein family:HB; protein source:Arabidopsis thaliana; protein affinity tag:Halo; expression system:tnt; dna source:colamp; replicate:a; subset:motif	DAPSeq-HB_tnt-ATHB5_colamp_a	TF	DAP-seq
GSM1925334	AT4G02020	Chr4	886396	886597	ATHB53: HB family	protein:ATHB53; gene id:AT5G66700; protein family:HB; protein source:Arabidopsis thaliana; protein affinity tag:Halo; expression system:tnt; dna source:col; replicate:a; subset:motif	DAPSeq-HB_tnt-ATHB53_col_a	TF	DAP-seq
GSM1925359	AT4G02020	Chr4	886396	886597	ATHB13: Homeobox family	protein:ATHB13; gene id:AT1G69780; protein family:Homeobox; protein source:Arabidopsis thaliana; protein affinity tag:Halo; expression system:tnt; dna source:col; replicate:a; subset:motif	DAPSeq-Homeobox_tnt-ATHB13_col_a	TF	DAP-seq
GSM1925333	AT4G02020	Chr4	886397	886598	ATHB53: HB family	protein:ATHB53; gene id:AT5G66700; protein family:HB; protein source:Arabidopsis thaliana; protein affinity tag:Halo; expression system:tnt; dna source:colamp; replicate:a; subset:motif	DAPSeq-HB_tnt-ATHB53_colamp_a	TF	DAP-seq
GSM1925336	AT4G02020	Chr4	886397	886598	LMI1: HB family	protein:LMI1; gene id:AT5G03790; protein family:HB; protein source:Arabidopsis thaliana; protein affinity tag:Halo; expression system:tnt; dna source:colamp; replicate:a; subset:motif	DAPSeq-HB_tnt-LMI1_colamp_a	TF	DAP-seq
GSM1925362	AT4G02020	Chr4	886398	886599	ATHB20: Homeobox family	protein:ATHB20; gene id:AT3G01220; protein family:Homeobox; protein source:Arabidopsis thaliana; protein affinity tag:Halo; expression system:tnt; dna source:colamp; replicate:a; subset:motif	DAPSeq-Homeobox_tnt-ATHB20_colamp_a	TF	DAP-seq
GSM1925332	AT4G02020	Chr4	886400	886601	ATHB5: HB family	protein:ATHB5; gene id:AT5G65310; protein family:HB; protein source:Arabidopsis thaliana; protein affinity tag:Halo; expression system:tnt; dna source:col; replicate:a; subset:motif	DAPSeq-HB_tnt-ATHB5_col_a	TF	DAP-seq
GSM1669391	AT4G02020	Chr4	886402	887364	H3K4me3	Col-0; 21 day-old rosette leaves in normal watered state	rosettes_wildtype_watered_H3K4me3_rep1	EF	ChIP-seq
GSM2302418	AT4G02020	Chr4	886406	887730	H3K4me3	pWOL:GFP; FACS treated GFP positive root protoplasts	GFP_H3K4me3_1	EF	ChIP-seq
GSM1464773	AT4G02020	Chr4	886408	887510	H3K4me3	JMJ14-FYR-HA	ChIP-3-130516	EF	ChIP-seq
GSM1925741	AT4G02020	Chr4	886414	886615	ATHB25: ZFHD family	protein:ATHB25; gene id:AT5G65410; protein family:ZFHD; protein source:Arabidopsis thaliana; protein affinity tag:Halo; expression system:tnt; dna source:col; replicate:a; subset:motif	DAPSeq-ZFHD_tnt-ATHB25_col_a	TF	DAP-seq
GSM1925744	AT4G02020	Chr4	886416	886617	ATHB34: ZFHD family	protein:ATHB34; gene id:AT3G28920; protein family:ZFHD; protein source:Arabidopsis thaliana; protein affinity tag:Halo; expression system:tnt; dna source:colamp; replicate:a; subset:motif	DAPSeq-ZFHD_tnt-ATHB34_colamp_a	TF	DAP-seq
GSM1925736	AT4G02020	Chr4	886418	886619	ATHB23: ZFHD family	protein:ATHB23; gene id:AT5G39760; protein family:ZFHD; protein source:Arabidopsis thaliana; protein affinity tag:Halo; expression system:tnt; dna source:colamp; replicate:a; subset:motif	DAPSeq-ZFHD_tnt-ATHB23_colamp_a	TF	DAP-seq
GSM1925737	AT4G02020	Chr4	886418	886619	ATHB23: ZFHD family	protein:ATHB23; gene id:AT5G39760; protein family:ZFHD; protein source:Arabidopsis thaliana; protein affinity tag:Halo; expression system:tnt; dna source:col; replicate:b; subset:motif	DAPSeq-ZFHD_tnt-ATHB23_col_b	TF	DAP-seq
GSM1925740	AT4G02020	Chr4	886418	886619	ATHB25: ZFHD family	protein:ATHB25; gene id:AT5G65410; protein family:ZFHD; protein source:Arabidopsis thaliana; protein affinity tag:Halo; expression system:tnt; dna source:colamp; replicate:a; subset:motif	DAPSeq-ZFHD_tnt-ATHB25_colamp_a	TF	DAP-seq
GSM1925742	AT4G02020	Chr4	886418	886619	ATHB33: ZFHD family	protein:ATHB33; gene id:AT1G75240; protein family:ZFHD; protein source:Arabidopsis thaliana; protein affinity tag:Halo; expression system:tnt; dna source:colamp; replicate:a; subset:motif	DAPSeq-ZFHD_tnt-ATHB33_colamp_a	TF	DAP-seq
GSM1464772	AT4G02020	Chr4	886427	887586	H3K4me3	jmj14-1	ChIP-2-130516	EF	ChIP-seq
GSM1464771	AT4G02020	Chr4	886437	887470	H3K4me3	col	ChIP-1-130516	EF	ChIP-seq
GSM1925152	AT4G02020	Chr4	886439	886640	BAM8: BES1 family	protein:BAM8; gene id:AT5G45300; protein family:BES1; protein source:Arabidopsis thaliana; protein affinity tag:Halo; expression system:tnt; dna source:col; replicate:a; subset:motif	DAPSeq-BES1_tnt-BAM8_col_a	TF	DAP-seq
GSM1193613	AT4G02020	Chr4	886442	887589	H3K4me3	jmj14	jmj14 H3K4m3 ChIP (replicate 1)	EF	ChIP-seq
GSM1464774	AT4G02020	Chr4	886445	887461	H3K4me3	JMJ14-HA	ChIP-6-130516	EF	ChIP-seq
GSM1925152	AT4G02020	Chr4	886450	886651	BAM8: BES1 family	protein:BAM8; gene id:AT5G45300; protein family:BES1; protein source:Arabidopsis thaliana; protein affinity tag:Halo; expression system:tnt; dna source:col; replicate:a; subset:motif	DAPSeq-BES1_tnt-BAM8_col_a	TF	DAP-seq
GSM1925160	AT4G02020	Chr4	886451	886652	BZR1: BZR family	protein:BZR1; gene id:AT1G75080; protein family:BZR; protein source:Arabidopsis thaliana; protein affinity tag:Halo; expression system:tnt; dna source:col; replicate:a; subset:motif	DAPSeq-BZR_tnt-BZR1_col_a	TF	DAP-seq
GSM1925157	AT4G02020	Chr4	886452	886653	At4g18890: BZR family	protein:At4g18890; gene id:AT4G18890; protein family:BZR; protein source:Arabidopsis thaliana; protein affinity tag:Halo; expression system:tnt; dna source:col; replicate:a; subset:motif	DAPSeq-BZR_tnt-At4g18890_col_a	TF	DAP-seq
GSM1925159	AT4G02020	Chr4	886452	886653	At4g36780: BZR family	protein:At4g36780; gene id:AT4G36780; protein family:BZR; protein source:Arabidopsis thaliana; protein affinity tag:Halo; expression system:tnt; dna source:col; replicate:a; subset:motif	DAPSeq-BZR_tnt-At4g36780_col_a	TF	DAP-seq
GSM1925749	AT4G02020	Chr4	886453	886654	BIM2b: bHLH family	protein:BIM2; gene id:AT1G69010; protein family:bHLH; protein source:Arabidopsis thaliana; protein affinity tag:Halo; expression system:tnt; dna source:col; replicate:v3b; subset:motif	DAPSeq-bHLH_tnt-BIM2_col_v3b	TF	DAP-seq
GSM1925155	AT4G02020	Chr4	886454	886655	At1g78700: BZR family	protein:At1g78700; gene id:AT1G78700; protein family:BZR; protein source:Arabidopsis thaliana; protein affinity tag:Halo; expression system:tnt; dna source:col; replicate:a; subset:motif	DAPSeq-BZR_tnt-At1g78700_col_a	TF	DAP-seq
GSM1925151	AT4G02020	Chr4	886470	886671	BAM8: BES1 family	protein:BAM8; gene id:AT5G45300; protein family:BES1; protein source:Arabidopsis thaliana; protein affinity tag:Halo; expression system:tnt; dna source:colamp; replicate:a; subset:motif	DAPSeq-BES1_tnt-BAM8_colamp_a	TF	DAP-seq
GSM1925389	AT4G02020	Chr4	886501	886702	LBD2: LOBAS2 family	protein:LBD2; gene id:AT1G06280; protein family:LOBAS2; protein source:Arabidopsis thaliana; protein affinity tag:Halo; expression system:tnt; dna source:col; replicate:a; subset:motif	DAPSeq-LOBAS2_tnt-LBD2_col_a	TF	DAP-seq
GSM1925146	AT4G02020	Chr4	886542	886743	BPC1: BBRBPC family	protein:BPC1; gene id:AT2G01930; protein family:BBRBPC; protein source:Arabidopsis thaliana; protein affinity tag:Halo; expression system:tnt; dna source:colamp; replicate:a; subset:motif	DAPSeq-BBRBPC_tnt-BPC1_colamp_a	TF	DAP-seq
GSM1193617	AT4G02020	Chr4	886582	890509	H3K4me2	jmj14 ldl1 ldl2	jmj14 ldl1 ldl2 H3K4m2 ChIP (replicate 2)	EF	ChIP-seq
GSM2302424	AT4G02020	Chr4	886584	888529	H3K4me3	pWOL:GFP; FACS treated GFP positive root protoplasts	GFP_H3K4me3_2	EF	ChIP-seq
GSM1906916	AT4G02020	Chr4	886627	891248	H3K4me2	WT; 4 week-old rosette leaves	H3K4me2_ChIP-Seq_WT	EF	ChIP-seq
GSM1906919	AT4G02020	Chr4	886629	891052	H3K4me2	atx; 4 week-old rosette leaves	H3K4me2_ChIP-Seq_atx	EF	ChIP-seq
GSM2263690	AT4G02020	Chr4	886674	889321	H3K36me3	Col-0; SAM and early stages leaves; 25C treated	H3K36me3-ChIP 25C biological replicate B	EF	ChIP-seq
GSM2263685	AT4G02020	Chr4	886706	889869	H3K36me3	Col-0; SAM and early stages leaves; 16C treated	H3K36me3-ChIP 16C biological replicate D	EF	ChIP-seq
GSM1925385	AT4G02020	Chr4	886724	886925	LBD18: LOBAS2 family	protein:LBD18; gene id:AT2G45420; protein family:LOBAS2; protein source:Arabidopsis thaliana; protein affinity tag:Halo; expression system:tnt; dna source:col; replicate:a; subset:motif	DAPSeq-LOBAS2_tnt-LBD18_col_a	TF	DAP-seq
GSM1925384	AT4G02020	Chr4	886729	886930	LBD18: LOBAS2 family	protein:LBD18; gene id:AT2G45420; protein family:LOBAS2; protein source:Arabidopsis thaliana; protein affinity tag:Halo; expression system:tnt; dna source:colamp; replicate:a; subset:motif	DAPSeq-LOBAS2_tnt-LBD18_colamp_a	TF	DAP-seq
GSM1925387	AT4G02020	Chr4	886731	886932	LBD19: LOBAS2 family	protein:LBD19; gene id:AT2G45410; protein family:LOBAS2; protein source:Arabidopsis thaliana; protein affinity tag:Halo; expression system:tnt; dna source:col; replicate:a; subset:motif	DAPSeq-LOBAS2_tnt-LBD19_col_a	TF	DAP-seq
GSM1925386	AT4G02020	Chr4	886732	886933	LBD19: LOBAS2 family	protein:LBD19; gene id:AT2G45410; protein family:LOBAS2; protein source:Arabidopsis thaliana; protein affinity tag:Halo; expression system:tnt; dna source:colamp; replicate:a; subset:motif	DAPSeq-LOBAS2_tnt-LBD19_colamp_a	TF	DAP-seq
GSM1232779	AT4G02020	Chr4	886763	891668	H2A	Col-0; Leaves of 3 week-old plants	WT_H2A_ChIP	EF	ChIP-seq
GSM2263692	AT4G02020	Chr4	886782	890043	H3K36me3	Col-0; SAM and early stages leaves; 25C treated	H3K36me3-ChIP 25C biological replicate D	EF	ChIP-seq
GSM2263683	AT4G02020	Chr4	886802	888098	H3K36me3	Col-0; SAM and early stages leaves; 16C treated	H3K36me3-ChIP 16C biological replicate B	EF	ChIP-seq
GSM1669419	AT4G02020	Chr4	886940	891315	H3K4me1	Double mutant at3g03940/at518190; 21 day-old rosette leaves in drought stress state	rosettes_dm_peg_H3K4me1_rep2	EF	ChIP-seq
GSM1669417	AT4G02020	Chr4	886964	891500	H3K4me1	Double mutant at3g03940/at518190; 21 day-old rosette leaves in normal watered state	rosettes_dm_watered_H3K4me1_rep2	EF	ChIP-seq
GSM856055	AT4G02020	Chr4	886979	890903	HTR13	Col-0; 10 day-old seedlings	HTR13 Myc ChIP-seq	EF	ChIP-seq
GSM1232781	AT4G02020	Chr4	886990	891091	H2AX	Col-0; Leaves of 3 week-old plants	WT_H2AX_ChIP	EF	ChIP-seq
GSM1669389	AT4G02020	Chr4	887016	891579	H3K4me1	Col-0; 21 day-old rosette leaves in normal watered state	rosettes_wildtype_watered_H3K4me1_rep2	EF	ChIP-seq
GSM1925403	AT4G02020	Chr4	887072	887273	AGL63: MADS family	protein:AGL63; gene id:AT1G31140; protein family:MADS; protein source:Arabidopsis thaliana; protein affinity tag:Halo; expression system:tnt; dna source:col; replicate:a; subset:motif	DAPSeq-MADS_tnt-AGL63_col_a	TF	DAP-seq
GSM1669402	AT4G02020	Chr4	887113	888770	H3K4me1	Col-0; 21 day-old rosette leaves in drought stress state	rosettes_wildtype_peg_H3K4me1_rep1	EF	ChIP-seq
GSM1925510	AT4G02020	Chr4	887488	887689	At3g09600: MYBrelated family	protein:At3g09600; gene id:AT3G09600; protein family:MYBrelated; protein source:Arabidopsis thaliana; protein affinity tag:Halo; expression system:tnt; dna source:col; replicate:a; subset:motif	DAPSeq-MYBrelated_tnt-At3g09600_col_a	TF	DAP-seq
GSM1925520	AT4G02020	Chr4	887488	887689	At5g52660: MYBrelated family	protein:At5g52660; gene id:AT5G52660; protein family:MYBrelated; protein source:Arabidopsis thaliana; protein affinity tag:Halo; expression system:tnt; dna source:colamp; replicate:a; subset:motif	DAPSeq-MYBrelated_tnt-At5g52660_colamp_a	TF	DAP-seq
GSM1925524	AT4G02020	Chr4	887488	887689	EPR1: MYBrelated family	protein:EPR1; gene id:AT1G18330; protein family:MYBrelated; protein source:Arabidopsis thaliana; protein affinity tag:Halo; expression system:tnt; dna source:colamp; replicate:a; subset:motif	DAPSeq-MYBrelated_tnt-EPR1_colamp_a	TF	DAP-seq
GSM1925493	AT4G02020	Chr4	887489	887690	AT3G10113: MYBrelated family	protein:AT3G10113; gene id:AT3G10113; protein family:MYBrelated; protein source:Arabidopsis thaliana; protein affinity tag:Halo; expression system:tnt; dna source:col; replicate:a; subset:motif	DAPSeq-MYBrelated_tnt-AT3G10113_col_a	TF	DAP-seq
GSM1925509	AT4G02020	Chr4	887489	887690	At3g09600: MYBrelated family	protein:At3g09600; gene id:AT3G09600; protein family:MYBrelated; protein source:Arabidopsis thaliana; protein affinity tag:Halo; expression system:tnt; dna source:colamp; replicate:a; subset:motif	DAPSeq-MYBrelated_tnt-At3g09600_colamp_a	TF	DAP-seq
GSM1925526	AT4G02020	Chr4	887489	887690	LHY1: MYBrelated family	protein:LHY1; gene id:AT1G01060; protein family:MYBrelated; protein source:Arabidopsis thaliana; protein affinity tag:Halo; expression system:tnt; dna source:colamp; replicate:a; subset:motif	DAPSeq-MYBrelated_tnt-LHY1_colamp_a	TF	DAP-seq
GSM1925527	AT4G02020	Chr4	887489	887690	LHY1: MYBrelated family	protein:LHY1; gene id:AT1G01060; protein family:MYBrelated; protein source:Arabidopsis thaliana; protein affinity tag:Halo; expression system:tnt; dna source:col; replicate:a; subset:motif	DAPSeq-MYBrelated_tnt-LHY1_col_a	TF	DAP-seq
GSM1925529	AT4G02020	Chr4	887489	887690	RVE1: MYBrelated family	protein:RVE1; gene id:AT5G17300; protein family:MYBrelated; protein source:Arabidopsis thaliana; protein affinity tag:Halo; expression system:tnt; dna source:col; replicate:a; subset:motif	DAPSeq-MYBrelated_tnt-RVE1_col_a	TF	DAP-seq
GSM1925513	AT4G02020	Chr4	887490	887691	At4g01280: MYBrelated family	protein:At4g01280; gene id:AT4G01280; protein family:MYBrelated; protein source:Arabidopsis thaliana; protein affinity tag:Halo; expression system:tnt; dna source:colamp; replicate:a; subset:motif	DAPSeq-MYBrelated_tnt-At4g01280_colamp_a	TF	DAP-seq
GSM1925315	AT4G02020	Chr4	887651	887852	At3g24120: G2like family	protein:At3g24120; gene id:AT3G24120; protein family:G2like; protein source:Arabidopsis thaliana; protein affinity tag:Halo; expression system:tnt; dna source:col; replicate:a; subset:motif	DAPSeq-G2like_tnt-At3g24120_col_a	TF	DAP-seq
GSM1669418	AT4G02020	Chr4	887837	889895	H3K4me1	Double mutant at3g03940/at518190; 21 day-old rosette leaves in drought stress state	rosettes_dm_peg_H3K4me1_rep1	EF	ChIP-seq
GSM1669416	AT4G02020	Chr4	887863	890366	H3K4me1	Double mutant at3g03940/at518190; 21 day-old rosette leaves in normal watered state	rosettes_dm_watered_H3K4me1_rep1	EF	ChIP-seq
GSM1925734	AT4G02020	Chr4	887902	888103	WRKY75: WRKY family	protein:WRKY75; gene id:AT5G13080; protein family:WRKY; protein source:Arabidopsis thaliana; protein affinity tag:Halo; expression system:tnt; dna source:col; replicate:a; subset:motif	DAPSeq-WRKY_tnt-WRKY75_col_a	TF	DAP-seq
GSM1925690	AT4G02020	Chr4	887903	888104	WRKY18: WRKY family	protein:WRKY18; gene id:AT4G31800; protein family:WRKY; protein source:Arabidopsis thaliana; protein affinity tag:Halo; expression system:tnt; dna source:col; replicate:a; subset:motif	DAPSeq-WRKY_tnt-WRKY18_col_a	TF	DAP-seq
GSM1925703	AT4G02020	Chr4	887904	888105	WRKY28: WRKY family	protein:WRKY28; gene id:AT4G18170; protein family:WRKY; protein source:Arabidopsis thaliana; protein affinity tag:Halo; expression system:tnt; dna source:col; replicate:a; subset:motif	DAPSeq-WRKY_tnt-WRKY28_col_a	TF	DAP-seq
GSM1925256	AT4G02020	Chr4	888018	888219	WIP5: C2H2 family	protein:WIP5; gene id:AT1G51220; protein family:C2H2; protein source:Arabidopsis thaliana; protein affinity tag:Halo; expression system:tnt; dna source:colamp; replicate:a; subset:motif	DAPSeq-C2H2_tnt-WIP5_colamp_a	TF	DAP-seq
GSM1925298	AT4G02020	Chr4	888152	888353	AT2G40260: G2like family	protein:AT2G40260; gene id:AT2G40260; protein family:G2like; protein source:Arabidopsis thaliana; protein affinity tag:Halo; expression system:tnt; dna source:col; replicate:a; subset:motif	DAPSeq-G2like_tnt-AT2G40260_col_a	TF	DAP-seq
GSM1925297	AT4G02020	Chr4	888174	888375	AT2G40260: G2like family	protein:AT2G40260; gene id:AT2G40260; protein family:G2like; protein source:Arabidopsis thaliana; protein affinity tag:Halo; expression system:tnt; dna source:colamp; replicate:a; subset:motif	DAPSeq-G2like_tnt-AT2G40260_colamp_a	TF	DAP-seq
GSM1925314	AT4G02020	Chr4	888180	888381	At3g24120: G2like family	protein:At3g24120; gene id:AT3G24120; protein family:G2like; protein source:Arabidopsis thaliana; protein affinity tag:Halo; expression system:tnt; dna source:colamp; replicate:a; subset:motif	DAPSeq-G2like_tnt-At3g24120_colamp_a	TF	DAP-seq
GSM1925526	AT4G02020	Chr4	888181	888382	LHY1: MYBrelated family	protein:LHY1; gene id:AT1G01060; protein family:MYBrelated; protein source:Arabidopsis thaliana; protein affinity tag:Halo; expression system:tnt; dna source:colamp; replicate:a; subset:motif	DAPSeq-MYBrelated_tnt-LHY1_colamp_a	TF	DAP-seq
GSM1925315	AT4G02020	Chr4	888214	888415	At3g24120: G2like family	protein:At3g24120; gene id:AT3G24120; protein family:G2like; protein source:Arabidopsis thaliana; protein affinity tag:Halo; expression system:tnt; dna source:col; replicate:a; subset:motif	DAPSeq-G2like_tnt-At3g24120_col_a	TF	DAP-seq
GSM1925306	AT4G02020	Chr4	888215	888416	At2g01060: G2like family	protein:At2g01060; gene id:AT2G01060; protein family:G2like; protein source:Arabidopsis thaliana; protein affinity tag:Halo; expression system:tnt; dna source:colamp; replicate:a; subset:motif	DAPSeq-G2like_tnt-At2g01060_colamp_a	TF	DAP-seq
GSM1925301	AT4G02020	Chr4	888216	888417	AT5G45580: G2like family	protein:AT5G45580; gene id:AT5G45580; protein family:G2like; protein source:Arabidopsis thaliana; protein affinity tag:Halo; expression system:tnt; dna source:colamp; replicate:a; subset:motif	DAPSeq-G2like_tnt-AT5G45580_colamp_a	TF	DAP-seq
GSM1925302	AT4G02020	Chr4	888216	888417	AT5G45580: G2like family	protein:AT5G45580; gene id:AT5G45580; protein family:G2like; protein source:Arabidopsis thaliana; protein affinity tag:Halo; expression system:tnt; dna source:col; replicate:a; subset:motif	DAPSeq-G2like_tnt-AT5G45580_col_a	TF	DAP-seq
GSM1925310	AT4G02020	Chr4	888216	888417	At3g04030: G2like family	protein:At3g04030; gene id:AT3G04030; protein family:G2like; protein source:Arabidopsis thaliana; protein affinity tag:Halo; expression system:tnt; dna source:col; replicate:a; subset:motif	DAPSeq-G2like_tnt-At3g04030_col_a	TF	DAP-seq
GSM1925744	AT4G02020	Chr4	888303	888504	ATHB34: ZFHD family	protein:ATHB34; gene id:AT3G28920; protein family:ZFHD; protein source:Arabidopsis thaliana; protein affinity tag:Halo; expression system:tnt; dna source:colamp; replicate:a; subset:motif	DAPSeq-ZFHD_tnt-ATHB34_colamp_a	TF	DAP-seq
GSM1925250	AT4G02020	Chr4	888399	888600	SGR5: C2H2 family	protein:SGR5; gene id:AT2G01940; protein family:C2H2; protein source:Arabidopsis thaliana; protein affinity tag:Halo; expression system:tnt; dna source:colamp; replicate:a; subset:motif	DAPSeq-C2H2_tnt-SGR5_colamp_a	TF	DAP-seq
GSM1925146	AT4G02020	Chr4	888551	888752	BPC1: BBRBPC family	protein:BPC1; gene id:AT2G01930; protein family:BBRBPC; protein source:Arabidopsis thaliana; protein affinity tag:Halo; expression system:tnt; dna source:colamp; replicate:a; subset:motif	DAPSeq-BBRBPC_tnt-BPC1_colamp_a	TF	DAP-seq
